"symbol","shortName","industry","financialCurrency","returnOnEquity","profitMargins","revenueGrowth","currentRatio","operatingCashflow","earningsGrowth","priceToBook","forwardPE","pegRatio","forwardEps","marketCap","returnOnEquity_z","profitMargins_z","revenueGrowth_z","currentRatio_z","operatingCashflow_z","earningsGrowth_z","fin_health_score"
"AAPL","Apple Inc.","Consumer Electronics","USD",1.45567,0.26579002,0.112,1.038,112241000448,0.25,39.69105,26.634148,1.9,6.56,2851325607936,0.67368833647843,0.73194965391945,-0.119591671442439,-0.489449840066509,7.24098627723806,-0.0937777998540736,1.3
"MSFT","Microsoft Corporation","Software—Infrastructure","USD",0.49051,0.38498002,0.201,2.247,83909001216,0.222,14.233889,28.249302,1.87,10.75,2276649336832,0.00107223206074481,1.64188377632707,-0.0761371790767836,0.667671835042577,5.26708319737256,-0.09546046136431,1.2
"GOOG","Alphabet Inc.","Internet Content & Information","USD",0.32069,0.29512,0.324,2.928,91651997696,0.377,7.4476376,20.802807,1.22,136.06,1872632217600,-0.117274639807351,0.955863989111438,-0.0160820941220015,1.31945004906184,5.80654123117051,-0.0861457280040728,1.22
"GOOGL","Alphabet Inc.","Internet Content & Information","USD",0.32069,0.29512,0.324,2.928,91651997696,0.377,7.4556103,20.841927,1.22,135.95,1871194226688,-0.117274639807351,0.955863989111438,-0.0160820941220015,1.31945004906184,5.80654123117051,-0.0861457280040728,1.22
"AMZN","Amazon.com, Inc.","Internet Retail","USD",0.28806,0.07101,0.094,1.136,46327001088,0.975,12.133496,45.236378,1.93,72.85,1676880117760,-0.140014354970794,-0.755062566579245,-0.128380220460212,-0.395655031000595,2.64872841087455,-0.0502088857497385,0.13
"TSLA","Tesla, Inc.","Auto Manufacturers","USD",0.15641,0.07403,0.568,1.385,9930999808,4.333,37.507515,115.369865,2.52,8.76,1014945284096,-0.231760708058975,-0.732006932300606,0.103051570341144,-0.157339648782098,0.113002695470829,0.151590305370754,-0.18
"NVDA","NVIDIA Corporation","Semiconductors","USD",0.41939998,0.33806,0.503,7.145,8142000128,0.83,29.112701,53.151634,1.71,5.21,690084642816,-0.0484840535680252,1.28368151756335,0.0713151433325189,5.35549810856144,-0.0116377137468133,-0.0589226685706055,1.05
"FB","Meta Platforms, Inc.","Internet Content & Information","USD",0.31102,0.33383998,0.199,3.154,57683001344,-0.052,4.6456394,15.588195,1.13,14.23,617050013696,-0.124013623737185,1.25146455141483,-0.0771136845232029,1.5357523638465,3.43990603645327,-0.111926506143052,0.94
"UNH","UnitedHealth Group Incorporated","Healthcare Plans","USD",0.21985,0.05523,0.111,0.72,25226000384,0.297,6.876617,23.696537,1.84,21.65,483197845504,-0.187549628378655,-0.875532072843129,-0.120079924165649,-0.793804424586517,1.17861223810457,-0.0909533323190339,-0.19
"V","Visa Inc.","Credit Services","USD",0.35584998,0.51592,0.241,1.395,15946000384,0.291,0,0,0,0,0,-0.0927717918039073,2.64152095888745,-0.0566070701483992,-0.147768749897821,0.532070480456119,-0.091313902642656,0.55
"JNJ","Johnson & Johnson","Drug Manufacturers—General","USD",0.30412,0.22264,0.104,1.348,23409999872,1.723,6.6277065,17.044315,2.13,10.38,465759600640,-0.128822205858784,0.402528766424094,-0.123497693228116,-0.192751974653923,1.05209066882451,-0.0052577854048521,0.16
"WMT","Walmart Inc.","Discount Stores","USD",0.15539,0.02387,0.005,0.928,24181000192,0,4.8436656,21.346725,2.73,6.72,397913096192,-0.23247154193782,-1.11494422217364,-0.171834712825867,-0.594729727793556,1.10580660654437,-0.108801563338327,-0.24
"PG","Procter & Gamble Company (The)","Household & Personal Products","USD",0.31092,0.1852,0.061,0.672,17972000768,0.126,8.172727,24.029875,3.98,6.36,369840979968,-0.124083313333151,0.116699975896857,-0.144492560326129,-0.839744739231047,0.673222834903081,-0.101229586542263,-0.06
"XOM","Exxon Mobil Corporation","Oil & Gas Integrated","USD",0.13889,0.08259,0.794,1.044,48128999424,0,2.2461245,14.489795,13.11,5.88,363009933312,-0.243970325272077,-0.66665718745784,0.213396685786516,-0.483707300735943,2.7742744422794,-0.108801563338327,0.17
"MA","Mastercard Incorporated","Credit Services","USD",1.2473301,0.46001998,0.266,1.288,9463000064,0.355,51.221012,33.145298,1.73,10.53,342932029440,0.528497101934137,2.21476254256672,-0.0444007520681589,-0.250177367959585,0.0803969436319511,-0.0874678191906871,0.53
"HD","Home Depot, Inc. (The)","Home Improvement Retail","USD",12.4031105,0.10791001,0.098,1.132,14810000384,0.233,314.13547,19.189623,1.95,16.19,324424466432,8.30291538945866,-0.473356230341452,-0.126427209567374,-0.399483390554306,0.452924851502602,-0.0947994157710028,1.96
"CVX","Chevron Corporation","Oil & Gas Integrated","USD",0.116450004,0.10041001,0.846,0,29199998976,0,2.402276,17.803364,-2.98,9.51,326377177088,-0.259608667819083,-0.530613600238735,0.238785827393415,-1.48290914425446,1.45548250044985,-0.108801563338327,-0.15
"PFE","Pfizer, Inc.","Drug Manufacturers—General","USD",0.27747,0.28684,1.344,1.385,32291000320,4.468,3.9125278,1.0677726,0.01,49.43,296247263232,-0.147394483183509,0.892651852744838,0.481935683551802,-0.157339648782098,1.67083394892436,0.159703137652251,0.46
"ABBV","AbbVie Inc.","Drug Manufacturers—General","USD",0.86594003,0.20538001,0.074,0,0,248.779,21.047619,11.548318,2.38,13.97,285212082176,0.262707903099759,0.27076054884364,-0.138145274924404,-1.48290914425446,-0.578894510463521,14.8415858600581,1.27
"LLY","Eli Lilly and Company","Drug Manufacturers—General","USD",0.92237,0.21515,0.18,1.302,6919399936,-0.083,33.7956,38.58745,5.2,7.49,276474200064,0.30203372119604,0.345347739686674,-0.0863904862641855,-0.236778109521597,-0.096816816875802,-0.113789452815099,0.07
"KO","Coca-Cola Company (The)","Beverages—Non-Alcoholic","USD",0.39722002,0.23313999,0.161,1.516,12855000064,0.425,11.982472,25.320986,2.72,2.43,265773907968,-0.0639411780772673,0.48268900793713,-0.0956672880051681,-0.03196087339807,0.316719103324144,-0.0832611654150962,0.1
"AVGO","Broadcom Inc.","Semiconductors","USD",0.27556,0.24539,0.145,2.641,13763999744,0.521,10.404692,17.444384,1.38,36.05,259644063744,-0.148725554466444,0.57620945511252,-0.103479331576522,1.04476525108309,0.380049518282019,-0.0774920402371428,0.27
"DIS","Walt Disney Company (The)","Entertainment","USD",0.025390001,0.029590001,0.26,1.083,5567000064,0,2.8565562,27.498024,1.07,5.06,252909207552,-0.323068015995679,-1.07127592709766,-0.0473302684074166,-0.446380795087263,-0.191039121863563,-0.108801563338327,-0.41
"COST","Costco Wholesale Corporation","Discount Stores","USD",0.30563,0.02543,0.166,1.015,9569000448,0.137,13.346864,39.80731,4.42,13.96,246419603456,-0.12776989295971,-1.103034689235,-0.09322602438912,-0.511462907500347,0.0877820378757842,-0.100568540948956,-0.34
"PEP","Pepsico, Inc.","Beverages—Non-Alcoholic","USD",0.55412996,0.10617,0.116,0.945,11123999744,-0.03,14.388715,24.516321,2.85,6.74,228469096448,0.0454087251379641,-0.486640016500782,-0.117638660549601,-0.578459199690285,0.196119535502718,-0.110604414956437,-0.17
"CSCO","Cisco Systems, Inc.","Communication Equipment","USD",0.28190002,0.2244,0.081,1.618,14785000448,0.373,5.4285994,14.9375,2.73,3.68,231842021376,-0.144307220144331,0.41596516255999,-0.134727505861937,0.0656622952215552,0.451183094760949,-0.0863861082198209,0.1
"TMO","Thermo Fisher Scientific Inc","Diagnostics & Research","USD",0.20476,0.19701,0.014,1.504,9543000064,-0.331,5.845964,26.42844,2.23,21.73,226297823232,-0.198065788409803,0.206861247695112,-0.167440438316981,-0.0434459520592024,0.0859705794737481,-0.128693026191479,-0.04
"ORCL","Oracle Corporation","Software—Infrastructure","USD",0,0.24788,0.057,1.646,10254999552,0,0,15.538023,1.91,5.26,218255884288,-0.340762205108138,0.595218901918417,-0.146445571218968,0.0924608120975306,0.135575902794472,-0.108801563338327,0.04
"ACN","Accenture plc","Information Technology Services","USD",0.31948,0.11533,0.272,1.223,7903174144,0.197,10.177329,31.359808,3.82,10.45,207279521792,-0.11811788391853,-0.416709682066233,-0.0414712357289013,-0.312388210707385,-0.0282768270514988,-0.0969628377127353,-0.18
"VZ","Verizon Communications Inc.","Telecom Services","USD",0.31167,0.16419001,0.043,0.974,40457998336,0.473,2.755656,9.496296,2.62,5.4,215261134848,-0.123560641363412,-0.0436969266322395,-0.153281109343902,-0.550703592925882,2.23983235969764,-0.0803766028261195,0.18
"CRM","Salesforce.com Inc","Software—Application","USD",0.035720002,0.06961,0.266,1.061,6.192e+09,-0.591,3.6395779,44.80467,5.29,4.71,207864545280,-0.315869080035578,-0.765750608960071,-0.0444007520681589,-0.467436772632672,-0.147495096308433,-0.144317740215102,-0.35
"CMCSA","Comcast Corporation","Entertainment","USD",0.15312,0.12731,0.187,1.026,26499000320,0.955,2.2481396,12.772358,0.87,3.69,215333208064,-0.23405349576623,-0.325250576550306,-0.0829727172017182,-0.500934918727642,1.26730271397826,-0.0514107868284788,-0.03
"INTC","Intel Corporation","Semiconductors","USD",0.22522,0.25142,0.028,2.102,29991000064,-0.209,2.3398495,14.008108,3.18,3.7,210792628224,-0.183807297075324,0.622244380509935,-0.160604900192046,0.528893801220561,1.51059190063706,-0.121361429611163,0.35
"ABT","Abbott Laboratories","Medical Devices","USD",0.21862,0.17122,0.234,1.826,1.1264e+10,0.696,6.1106544,24.989494,2.03,4.76,210338103296,-0.188406810409027,0.00997223840832082,-0.0600248392108665,0.264736992014516,0.205873416061498,-0.0669754057981654,0.01
"NKE","Nike, Inc.","Footwear & Accessories","USD",0.48263,0.13322,0.01,3.068,7169999872,0.064,14.176652,27.738588,2.89,4.82,211623018496,-0.00441930810131263,-0.280131769071247,-0.169393449209819,1.45344263344172,-0.0793574070602816,-0.104955479886358,0.11
"DHR","Danaher Corporation","Diagnostics & Research","USD",0.14942001,0.21841,0.205,1.431,8358000128,0.444,5.112644,28.356014,1.46,10.14,205462323200,-0.236632003847983,0.370235609802026,-0.0741841681839452,-0.113313513914424,0.00341110302603865,-0.0821193593902929,-0.02
"ADBE","Adobe Inc.","Software—Infrastructure","USD",0.34368,0.30548,0.2,1.248,0,-0.445,13.8847065,26.56123,2.62,16.25,205364789248,-0.101253001694952,1.03495550272955,-0.0766254317999933,-0.288460963496693,-0.578894510463521,-0.135543862340298,0.03
"MRK","Merck & Company, Inc.","Drug Manufacturers—General","USD",0.26036,0.13681,0.204,1.309,13084000256,0.548,5.738676,11.297222,0.87,7.2,205459947520,-0.159318373053154,-0.252724574680414,-0.0746724209071548,-0.230078480302603,0.332673649298014,-0.0758694737808435,-0.09
"UPS","United Parcel Service, Inc.","Integrated Freight & Logistics","USD",0.73033994,0.06832,0.092,1.476,12936999936,0.183,15.542004,17.79752,1.07,12.1,187169734656,0.168208748250317,-0.775598876582404,-0.129356725906631,-0.0702444689351779,0.322432071144169,-0.0978041684678535,-0.1
"MCD","McDonald's Corporation","Restaurants","USD",0,0.32490003,0.131,1.778,9141499904,0.189,0,23.824457,1.32,10.14,180519452672,-0.340762205108138,1.18321414821306,-0.110314869701456,0.218796677369987,0.0579978834454577,-0.0974435981442314,0.17
"QCOM","QUALCOMM Incorporated","Semiconductors","USD",1.06739,0.27714002,0.3,1.648,9418000384,0.406,17.861828,13.571305,0.68,11.64,176926408704,0.403097573264767,0.818599140364004,-0.0278001594790322,0.094374991874386,0.0772617957654837,-0.0844029714398994,0.28
"UNP","Union Pacific Corporation","Railroads","USD",0.41923,0.29916,0.115,0.618,9031999488,0.299,12.658239,24.022848,1.52,11.38,175749447680,-0.0486025119432469,0.986706625696108,-0.11812691327281,-0.891427593206142,0.0503689404040917,-0.0908331422111599,0.03
"TXN","Texas Instruments Incorporated","Semiconductors","USD",0.68996,0.42352,0.185,5.327,8755999744,0.26,14.051219,22.466587,2.41,8.23,170759962624,0.140068131213328,1.93611016175293,-0.0839492226481374,3.61550869139989,0.0311399145855267,-0.0931768493147034,0.95
"T","AT&T Inc.","Telecom Services","USD",0.01368,0.0066500003,-0.057,0.701,40784998400,1.114,1.0393687,7.426791,2.17,3.21,170241441792,-0.331228668380099,-1.2464071411675,-0.202106381664863,-0.811989132466644,2.2626146006599,-0.0418556732524936,-0.15
"NFLX","Netflix, Inc.","Entertainment","USD",0.39387,0.17639999,0.163,1.17,658211968,0.833,10.813039,28.559969,1.29,13.09,165597609984,-0.0662757934800206,0.0495179188742178,-0.0946907825587489,-0.363113974794053,-0.533036587759214,-0.0587423834087945,-0.16
"NEE","NextEra Energy, Inc.","Utilities—Regulated Electric","USD",0.03873,0.14399,-0.087,0.468,7587999744,-0.633,4.4940577,30.635036,3.6,2.74,164702044160,-0.313771424590818,-0.197910185898749,-0.216753963361152,-1.0349910764703,-0.0502351687047096,-0.146841732480457,-0.33
"LIN","Linde plc","Specialty Chemicals","USD",0.08326,0.12425,0.141,0.745,9724999680,0.364,3.6859207,30.885658,0,10.32,163371778048,-0.282738647507516,-0.348611583468398,-0.10543234246936,-0.769877177375825,0.0986505742603843,-0.086926963705254,-0.27
"BMY","Bristol-Myers Squibb Company","Drug Manufacturers—General","USD",0.18985,0.15078,0.083,1.521,16206999552,0,4.3710113,9.346938,1.39,7.84,162655223808,-0.208456507168213,-0.146073180351742,-0.133751000415518,-0.0271754239559316,0.550254409424169,-0.108801563338327,-0.03
"TMUS","T-Mobile US, Inc.","Telecom Services","USD",0.04498,0.03774,0.022,0.889,13916999680,-0.428,2.268728,38.36111,1.15,3.24,155244429312,-0.309415824842993,-1.00905625944359,-0.163534416531304,-0.632056233442236,0.390709092370547,-0.134522246423369,-0.35
"RTX","Raytheon Technologies Corporati","Aerospace & Defense","USD",0.05017,0.051960003,0.099,1.23,5288999936,4.298,2.1516647,20.527056,0.94,4.99,153315180544,-0.305798934812399,-0.900496263215396,-0.125938956844164,-0.305688581488392,-0.210407515331625,0.149486978482959,-0.34
"LOW","Lowe's Companies, Inc.","Home Improvement Retail","USD",6.57829,0.08625,0.027,1.193,8743000064,2,0,16.505426,1.3,12.9,143454208000,4.24362151731075,-0.638715590947966,-0.161093152915256,-0.341100907360216,0.0302342210557781,0.0113885445357007,0.86
"AMD","Advanced Micro Devices, Inc.","Semiconductors","USD",0.47428,0.19240999,0.488,2.024,3520999936,-0.454,20.324389,35.82934,1.55,3.34,144514678784,-0.0102383893644065,0.171743317814952,0.0639913524843747,0.4542407899232,-0.333584867435339,-0.136084717825731,0.05
"PM","Philip Morris International Inc","Tobacco","USD",0,0.29247,0.091,0.998,11096999936,0.049,0,14.533437,1.44,6.43,145485758464,-0.340762205108138,0.935633051747732,-0.129844978629841,-0.527733435603617,0.194238446782838,-0.105856905695413,0.02
"MDT","Medtronic plc.","Medical Devices","USD",0.09233,0.14793,0.026,2.913,7161999872,1.694,2.8055563,17.607143,1.63,6.16,145830969344,-0.276417801153473,-0.167830980912709,-0.161581405638466,1.30509370073542,-0.0799147706444613,-0.00700054196902551,0.06
"CVS","CVS Health Corporation","Healthcare Plans","USD",0.10556,0.02668,0.1,0.94,17827000320,0.29,1.9299213,13.126964,2.27,8.27,143305719808,-0.267197867607277,-1.09349179425212,-0.125450704120954,-0.583244649132424,0.663120588727463,-0.091373997696593,-0.3
"SPGI","S&P Global Inc.","Financial Data & Stock Exchanges","USD",0.73425,0.36446998,0.118,2.309,3598000128,0.487,54.00601,28.261791,3.61,14.63,99646267392,0.170933653266313,1.48530365007533,-0.116662155103181,0.727011408125094,-0.328220229560883,-0.0795352720710013,0.37
"COP","ConocoPhillips","Oil & Gas E&P","USD",0.21471001,0.17315,1.771,1.335,16995999744,0,3.2140403,13.782051,-7.27,7.8,141787119616,-0.191131666642306,0.0247064682618883,0.690419596362305,-0.205194143203483,0.605224406290618,-0.108801563338327,0.11
"PYPL","PayPal Holdings, Inc.","Credit Services","USD",0.24299999,0.20086001,0.132,1.298,5923999744,0.07,6.0459185,21.586338,2.02,5.27,133660041216,-0.171416493881671,0.236253440585544,-0.109826616978247,-0.240606469075308,-0.166166794214087,-0.104594909562736,-0.08
"HON","Honeywell International Inc.","Conglomerates","USD",0.30444,0.15802,0.087,1.288,6157000192,0.682,7.63167,22.025614,2.27,8.98,136163172352,-0.128599199151695,-0.0908007326108976,-0.131797989522679,-0.250177367959585,-0.149933548612493,-0.0678167365532836,-0.14
"AMGN","Amgen Inc.","Drug Manufacturers—General","USD",0.585,0.21767999,0.044,1.643,8606000128,-0.035,16.419582,13.303063,2.28,17.95,134502277120,0.0669219312882585,0.364662482788864,-0.152792856620693,0.0895895424322476,0.0206893741356094,-0.110904890226123,0.07
"DE","Deere & Company","Farm & Heavy Construction Machinery","USD",0.3802,0.13566,0.16,2.192,7726000128,0.724,7.2950797,17.374601,1.34,25.12,134167789568,-0.0758023612484629,-0.261504038064664,-0.0961555407283777,0.615031891179054,-0.0406206201241577,-0.065292744287929,-0.01
"INTU","Intuit Inc.","Software—Application","USD",0.27934,0.20277001,0.517,2.099,3350000128,0.093,12.894759,33.676685,3.04,13.64,130072764416,-0.14609128773896,0.250834984119385,0.0781506814574534,0.526022531555278,-0.345498500670454,-0.103212723322185,0.04
"AMAT","Applied Materials, Inc.","Semiconductor Equipment & Materials","USD",0.51593,0.25530002,0.306,2.539,5441999872,0.533,9.98252,15.487004,1.17,8.85,121779593216,0.0187873273550976,0.651865679223116,-0.0248706431397745,0.947142082463465,-0.199747941243097,-0.0767708995898987,0.24
"ANTM","Anthem, Inc.","Healthcare Plans","USD",0.15835,0.041220002,0.15,1.476,10504999936,6.046,3.2669647,16.780455,1.31,28.65,116687667200,-0.23040872989725,-0.982488824542622,-0.101038067960474,-0.0702444689351779,0.15299354155354,0.254533132764859,-0.23
"LMT","Lockheed Martin Corporation","Aerospace & Defense","USD",0.74307,0.094189994,0.041,1.416,9221000192,0.171,12.906401,17.262556,3.22,26.28,125113073664,0.177080275630444,-0.578099167822605,-0.154257614790321,-0.12766986224084,0.0635367041283325,-0.0985253091150977,-0.11
"CAT","Caterpillar, Inc.","Farm & Heavy Construction Machinery","USD",0.40715998,0.12731,0.228,1.456,7198000128,1.764,7.2503004,20.491743,0.65,10.9,120824807424,-0.0570140601141653,-0.325250576550306,-0.0629543555501242,-0.0893862667037319,-0.0774066166800179,-0.00279388819343454,-0.11
"IBM","International Business Machines","Information Technology Services","USD",0.21405001,0.06401,0.003,0.836,1.6112e+10,-0.338,5.299363,12.752427,2.07,10.3,117731639296,-0.191591617975676,-0.808502778483376,-0.172811218272287,-0.682781997528904,0.543635748074396,-0.129113691569038,-0.27
"NOW","ServiceNow, Inc.","Software—Application","USD",0.071040004,0.03986,0.312,1.131,2032599040,4.167,31.638603,77.821335,3.88,7.22,111812132864,-0.291254713346879,-0.992871509552628,-0.0219411268005168,-0.400440480442734,-0.437282424696694,0.14161452641721,-0.39
"PLD","Prologis, Inc.","REIT—Industrial","USD",0.05886,0.40218,0.102,0.848,2883645952,1.415,3.5853786,68.10823,-11.62,2.31,116318314496,-0.299742908923024,1.77319385860519,-0.124474198674535,-0.671296918867772,-0.37798960504952,-0.0237670620174524,0.1
"BLK","BlackRock, Inc.","Asset Management","USD",0.16974,0.30972,0.156,1.427,5006000128,0.228,3.0591655,17.539408,1.8,42.25,112576561152,-0.222471084916814,1.06732500251148,-0.0981085516212162,-0.117141873468135,-0.230124238745256,-0.0950998910406879,0.08
"BA","Boeing Company (The)","Aerospace & Defense","USD",0,-0.06746,-0.033,1.325,-3.416e+09,0,0,39.695377,-5.13,4.76,111045722112,-0.340762205108138,-1.81218630120282,-0.190388316307833,-0.21476504208776,-0.816888760908253,-0.108801563338327,-0.64
"AMT","American Tower Corporation (REI","REIT—Specialty","USD",0.34478,0.27445,0.219,0.773,5273299968,0.519,20.256691,44.082417,2.96,5.46,109613596672,-0.100486416139335,0.798062677674526,-0.0673486300590107,-0.743078660499849,-0.211501339136123,-0.0776122303450168,-0.03
"CHTR","Charter Communications, Inc.","Entertainment","USD",0.17694001,0.08396,0.092,0.286,16161999872,0.667,5.877349,17.852894,0.77,31.27,100091002880,-0.217453427038361,-0.656198174556603,-0.129356725906631,-1.20918143616414,0.547119261557702,-0.0687181623623388,-0.31
"GE","General Electric Company","Specialty Industrial Machinery","USD",0.048779998,-0.00052,-0.005,1.796,4557000192,0,2.7554069,23.68262,6.96,3.97,103247118336,-0.306767621590107,-1.3011451890796,-0.176717240057964,0.236024295361685,-0.261406265448433,-0.108801563338327,-0.38
"ISRG","Intuitive Surgical, Inc.","Medical Instruments & Supplies","USD",0.15919,0.29852,0.167,5.083,2089400064,0.024,8.980122,51.50269,4.15,5.57,102480576512,-0.229823337291143,0.981820663464873,-0.0927377716659104,3.38197875862353,-0.433325071906479,-0.107359282043839,0.56
"TGT","Target Corporation","Discount Stores","USD",0.50011003,0.06562,0.133,0.967,9077999616,0.512,7.6165423,16.338566,1.19,13.38,104741298176,0.0077624541802824,-0.796211529745426,-0.109338364255037,-0.557403222144876,0.0535737899309423,-0.0780328957225759,-0.26
"SBUX","Starbucks Corporation","Restaurants","USD",0,0.14468999,0.193,0.813,6024300032,0.303,0,0,0,0,0,-0.340762205108138,-0.192566241051495,-0.0800432008624605,-0.704795064962741,-0.159178828212345,-0.0905927619954119,-0.27
"EL","Estee Lauder Companies, Inc. (T","Household & Personal Products","USD",0.53243,0.17829001,0.233,1.783,3.192e+09,0.324,16.303305,32.22626,3.39,8.53,98945835008,0.0302861106893549,0.0639469287746528,-0.0605130919340761,0.223582126812125,-0.35650644037582,-0.0893307658627346,-0.02
"SYK","Stryker Corporation","Medical Devices","USD",0.13989,0.113979995,0.113,2.126,3.5e+09,-0.301,7.07748,26.15536,2.29,10.17,100345839616,-0.243273429312425,-0.427016046819324,-0.119103418719229,0.551863958542825,-0.335047942384902,-0.126890174573368,-0.14
"MO","Altria Group, Inc.","Tobacco","USD",2.7119799,0.13164,-0.026,0.742,8282999808,0,0,11.101449,2.06,4.83,98499395584,1.54920562985919,-0.292193988329608,-0.186970547245365,-0.772748447041108,-0.00181420287018941,-0.108801563338327,0.17
"BKNG","Booking Holdings Inc. Common St","Travel Services","USD",0.07305,0.04145,0.771,2.483,1.964e+09,-0.046,16.647017,22.394201,0.27,100.38,92299550720,-0.289853955255562,-0.980732947134404,0.202166873152695,0.893545048711514,-0.442061750547404,-0.11156593581943,-0.18
"ADP","Automatic Data Processing, Inc.","Staffing & Employment Services","USD",0.50117,0.1748,0.089,1.041,3120600064,0.093,17.27581,29.322624,2.58,7.47,92299952128,0.0085011429906347,0.0373030896392906,-0.13082148407626,-0.486578570401226,-0.361480905905716,-0.103212723322185,-0.15
"CB","Chubb Limited","Insurance—Property & Casualty","USD",0.15235,0.21836,0.14,0.342,11093000192,0.589,1.5819217,15.0712805,0.52,14.45,93806772224,-0.234590105655162,0.369853894002711,-0.10592059519257,-1.15558440241219,0.193959782826382,-0.0734055765694259,-0.15
"ZTS","Zoetis Inc.","Drug Manufacturers—Specialty & Generic","USD",0.48911998,0.26196,0.089,3.856,2212999936,0.159,19.165318,36.499035,3.84,5.19,89624256512,0.000103532738909397,0.702710071005584,-0.13082148407626,2.20762946552274,-0.42471381344872,-0.0992464497623419,0.38
"CME","CME Group Inc.","Financial Data & Stock Exchanges","USD",0.08975001,0.52596,0.028,1.008,2394400000,1.243,3.255875,33.79536,6.61,7.33,89030320128,-0.278215785760415,2.71816949138995,-0.160604900192046,-0.51816253671934,-0.412075589718537,-0.0341034112946188,0.31
"MU","Micron Technology, Inc.","Semiconductors","USD",0.17163,0.24861999,0.332,3.101,14439000064,1.873,1.9036708,6.7854037,0.45,11.51,87485276160,-0.221153951553072,0.600868219405123,-0.0121760723363246,1.48502659975983,0.427077092991725,0.00375647268569998,0.35
"ADI","Analog Devices, Inc.","Semiconductors","USD",0.055630002,0.18999,0.533,1.941,2735068928,-0.855,2.2902062,19.462984,1.57,8.51,87010574336,-0.301993881478908,0.153268349471255,0.0859627250288072,0.374802329183701,-0.388341032877444,-0.160182834454474,-0.05
"MDLZ","Mondelez International, Inc.","Confectioners","USD",0.16312,0.15702,0.078,0.733,4368999936,0.141,3.0981517,19.845161,2.62,3.1,85818556416,-0.22708453616971,-0.0984350485972021,-0.136192264031566,-0.781362256036957,-0.274504327512291,-0.100328160733208,-0.27
"MMM","3M Company","Conglomerates","USD",0.44799998,0.16764,0.071,1.705,7964000256,0,5.9960947,14.509162,2.37,10.37,86703030272,-0.0285528291219792,-0.017358612822649,-0.139610033094033,0.148929115514765,-0.0240390445769943,-0.108801563338327,-0.02
"DUK","Duke Energy Corporation (Holdin","Utilities—Regulated Electric","USD",0.05598,0.12795,0.034,0.607,9317000192,0.031,1.7725405,19.95064,7.89,5.47,83958398976,-0.301749969286821,-0.320364614319071,-0.157675383852789,-0.901955581978847,0.0702250671384889,-0.10693861666628,-0.3
"MMC","Marsh & McLennan Companies, Inc","Insurance Brokers","USD",0.30993,0.15858,0.163,1.242,3.516e+09,1.145,8.625955,24.68202,2.11,6.73,83868106752,-0.124773240333206,-0.0865255156585671,-0.0946907825587489,-0.294203502827259,-0.333933215216543,-0.0399927265804461,-0.16
"CSX","CSX Corporation","Railroads","USD",0.27854002,0.3026,0.243,1.718,4953999872,0.344,6.220724,20.741571,1.38,1.78,81887813632,-0.146648790568762,1.012968672689,-0.05563056470198,0.161371284064325,-0.233747119878059,-0.0881288647839943,0.14
"HCA","HCA Healthcare, Inc.","Medical Care Facilities","USD",4.74392,0.11328,0.148,1.377,2932999936,2.59,0,13.90802,0.93,18.7,80890863616,2.96525647580399,-0.432360029838157,-0.102014573406893,-0.16499636788952,-0.374551090872547,0.0468446263585389,0.56
"LRCX","Lam Research Corporation","Semiconductor Equipment & Materials","USD",0.7589,0.27072,0.355,3.269,3403175936,0.479,13.423497,15.138335,1.28,36.65,78118109184,0.188112138671734,0.769586679045611,-0.00094625970250358,1.64581770101568,-0.341793718303137,-0.0800160325024974,0.39
"CI","Cigna Corporation","Healthcare Plans","USD",0.17627001,0.049200002,0.082,0.7,7209999872,0.27,1.7024637,10.845058,1.04,22.46,80729235456,-0.217920347331327,-0.921566982971913,-0.134239253138727,-0.812946222355071,-0.0765705891393831,-0.0925758987753333,-0.4
"ICE","Intercontinental Exchange Inc.","Financial Data & Stock Exchanges","USD",0.1503,0.43815,0.277,1.006,3.196e+09,0.577,3.5259767,24.37117,2.3,5.55,76206022656,-0.236018742372448,2.04780020463256,-0.0390299721128532,-0.520076716496196,-0.356227758583731,-0.0741267172166701,0.21
"CCI","Crown Castle International Corp","REIT—Specialty","USD",0.13071,0.17287001,0.108,0.619,2727000064,-0.299,9.012383,53.649548,4.34,3.31,76750610432,-0.24967093422203,0.0225689361288828,-0.121544682335277,-0.890470503317715,-0.388903194247357,-0.126769984465494,-0.28
"BDX","Becton, Dickinson and Company","Medical Instruments & Supplies","USD",0.088190004,0.103319995,0.073,1.334,4647000064,1.406,3.1922667,19.420322,2.23,13.68,75727380480,-0.279302947638848,-0.508397855233329,-0.138633527647614,-0.206151233091911,-0.255135934044229,-0.0243079175028855,-0.26
"FCX","Freeport-McMoRan, Inc.","Copper","USD",0.25739,0.18849,0.371,2.517,7714999808,0.538,5.709103,14.628169,0.48,3.55,76257648640,-0.16138815405332,0.141816875491798,0.0068657838688502,0.926086104918055,-0.0413870173469482,-0.0764704243202136,0.11
"GILD","Gilead Sciences, Inc.","Drug Manufacturers—General","USD",0.37846002,0.26905,0.128,1.366,10094999552,6.147,3.4434183,8.663235,6.77,6.8,73895526400,-0.0770149462803381,0.756837371348482,-0.111779627871085,-0.175524356662225,0.124428631110878,0.260602733212497,0.13
"SO","Southern Company (The)","Utilities—Regulated Electric","USD",0.07048,0.10353,0.127,0.821,6168999936,0,2.6202438,20.036724,3.18,3.54,75171610624,-0.291644977871868,-0.506794610704626,-0.112267880594295,-0.69713834585532,-0.149097521071858,-0.108801563338327,-0.33
"MRNA","Moderna, Inc.","Biotechnology","USD",1.09609,0.5968,30.65,1.348,11573970944,0,6.637331,6.268228,0.54,26.47,67272261632,0.423098487306779,3.25898443585976,14.7906699899327,-0.192751974653923,0.227469230603923,-0.108801563338327,2.97
"REGN","Regeneron Pharmaceuticals, Inc.","Biotechnology","USD",0.54207003,0.50245,1.044,3.564,7081299968,0.923,4.1586456,14.223594,0.67,47.81,73132466176,0.0370042086472786,2.53868672255193,0.335459866588918,1.92815921810185,-0.085537169111511,-0.0533338285544632,0.84
"TJX","TJX Companies, Inc. (The)","Apparel Retail","USD",0.44426,0.05846,0.239,1.287,2232061952,0.183,11.358414,18.295523,0.19,3.35,73111617536,-0.0311592060731583,-0.850873232207366,-0.0575835755948184,-0.251134457848013,-0.423385754253789,-0.0978041684678535,-0.3
"NSC","Norfolk Southern Corporation","Railroads","USD",0.2023,0.26843,0.138,1.129,4183000064,0.378,4.965391,20.622997,1.39,13.74,68954234880,-0.199780152470547,0.752104095436973,-0.106897100638989,-0.402354660219589,-0.287463021926651,-0.0860856329501358,-0.03
"NOC","Northrop Grumman Corporation","Aerospace & Defense","USD",0.59604,0.19639999,-0.154,1.304,3567000064,7.695,6.3713093,18.26874,2.48,25.08,72089124864,0.0746156626828161,0.202204238600306,-0.249466895816196,-0.234863929744742,-0.330380017908488,0.353629876706995,-0.03
"EOG","EOG Resources, Inc.","Oil & Gas E&P","USD",0.14394,0.18018,1.265,2.109,6745782784,0,3.3465033,12.602227,0.15,9.88,72849555456,-0.240451000675835,0.0783757096456084,0.443363718418242,0.535593430439555,-0.108912801640026,-0.108801563338327,0.08
"AON","Aon plc","Insurance Brokers","USD",0.32708,0.075840004,0.133,1.07,2011000064,0,32.368446,24.689602,1.78,13.08,71154016256,-0.112821474625175,-0.718188789828131,-0.109338364255037,-0.458822963636823,-0.43878723503144,-0.108801563338327,-0.33
"EW","Edwards Lifesciences Corporatio","Medical Devices","USD",0.28877002,0.28726,0.116,3.081,1732099968,0.095,12.658556,43.554264,3.7,2.58,70156419072,-0.139519544901522,0.895858265459086,-0.117638660549601,1.46588480199128,-0.458218329673268,-0.103092533214311,0.27
"GD","General Dynamics Corporation","Aerospace & Defense","USD",0.19559999,0.08465999,-0.018,1.43,4251000064,-0.026,4.332547,19.62731,2.15,12.45,68230934528,-0.204449362369174,-0.65085422970935,-0.183064525459688,-0.114270603802852,-0.282725431461124,-0.110364034740689,-0.28
"PGR","Progressive Corporation (The)","Insurance—Property & Casualty","USD",0.19001,0.07028,0.094,0.34,7761699840,-0.428,3.7786632,25.090322,-2.77,4.65,68181946368,-0.208345003814669,-0.760635617249247,-0.128380220460212,-1.15749858218904,-0.0381334051948448,-0.134522246423369,-0.42
"D","Dominion Energy, Inc.","Utilities—Regulated Electric","USD",0.09639,0.19323999,-0.119,0.703,3.952e+09,0.935,2.7740338,20.331718,2.9,4.13,68007972864,-0.273588403557286,0.178079800083584,-0.232378050503859,-0.810074952689788,-0.303556899878749,-0.0526126879072191,-0.24
"F","Ford Motor Company","Auto Manufacturers","USD",0.45095003,0.13156,0.048,1.201,15786999808,0,1.798624,8.2763815,0.16,1.99,65818066944,-0.0264969511962079,-0.292804733608512,-0.150839845727854,-0.333444188252795,0.52099283909037,-0.108801563338327,-0.07
"ITW","Illinois Tool Works Inc.","Specialty Industrial Machinery","USD",0.8811,0.19135,0.075,2.195,2.556e+09,0.104,19.033709,23.294828,2.1,9.09,66464301056,0.273272824941204,0.163651019212629,-0.137657022201195,0.617903160844336,-0.400816845318107,-0.102551677728878,0.1
"PSA","Public Storage","REIT—Industrial","USD",0.19327,0.50629,0.228,2.075,2327281920,0.787,13.157434,41.003273,2.41,9.17,65933484032,-0.206073122986204,2.56800249593934,-0.0629543555501242,0.503052374233013,-0.416751736422544,-0.0615067558898971,0.46
"FISV","Fiserv, Inc.","Information Technology Services","USD",0.0417,0.08234,0.1,1.049,3876999936,0.641,2.0995133,15.534777,1.04,6.47,66359918592,-0.311701643590651,-0.668565766454416,-0.125450704120954,-0.478921851293805,-0.308782187939342,-0.0702806337647012,-0.36
"SHW","Sherwin-Williams Company (The)","Specialty Chemicals","USD",0.57046,0.10001001,0.005,0.83,2895500032,-0.263,23.843834,24.040197,3.07,10.2,64293081088,0.056789064034919,-0.533667326633257,-0.171834712825867,-0.688524536859471,-0.377163725985026,-0.124606562523762,-0.29
"EQIX","Equinix, Inc.","REIT—Specialty","USD",0.04048,0.0654,0.112,1.628,2341249024,1.27,6.050078,91.86805,3.99,7.73,63941857280,-0.312551856661427,-0.797891079262413,-0.119591671442439,0.075233194105832,-0.415778642029288,-0.0324808448383194,-0.31
"GM","General Motors Company","Auto Manufacturers","USD",0.17222,0.078889996,-0.105,1.103,15187999744,-0.401,1.2091414,6.3909225,0.64,6.83,63373688832,-0.220742782936877,-0.69490418714443,-0.225542512378925,-0.427238997318709,0.479260236266006,-0.13289967996707,-0.23
"WM","Waste Management, Inc.","Waste Management","USD",0.24409,0.10092,0.208,0.776,4.1e+09,0.391,9.114662,28.260397,2.2,5.53,65374425088,-0.170656870316691,-0.52672017542888,-0.0727194100143164,-0.740207390834566,-0.293245673571424,-0.0853043972489546,-0.32
"VRTX","Vertex Pharmaceuticals Incorpor","Biotechnology","USD",0.24639,0.30523002,0.29,4.625,2140039040,0.296,6.826796,18.951492,1.71,13.4,64567296000,-0.169054009609492,1.0330470764193,-0.0326826867111283,2.94363158972364,-0.42979703176116,-0.091013427372971,0.53
"ATVI","Activision Blizzard, Inc","Electronic Gaming & Multimedia","USD",0.16877002,0.29209,0.059,5.561,2892999936,0.051,3.657248,20.947369,1.33,3.8,61999566848,-0.223147060059758,0.932732011672936,-0.145469065772548,3.83946772529197,-0.377337908793445,-0.105736715587539,0.62
"NEM","Newmont Corporation","Gold","USD",0.07253,0.16670999,-0.087,2.67,4665999872,-0.996,2.7739713,28.70909,0,2.75,62957490176,-0.290216341154581,-0.024458603033072,-0.216753963361152,1.07252085784749,-0.253812208908528,-0.168656237059593,0
"CL","Colgate-Palmolive Company","Household & Personal Products","USD",2.25676,0.12433,0.018,1.085,3324999936,-0.777,106.67618,22.058996,4.32,3.39,63028248576,1.23196472079602,-0.348000838189494,-0.165487427424142,-0.444466615310408,-0.347240275247742,-0.155495420247387,0.08
"ETN","Eaton Corporation, PLC","Specialty Industrial Machinery","USD",0.13658,0.109230004,0.024,1.041,0,0.158,3.8479583,20.778975,1.23,7.42,61456146432,-0.245580154938873,-0.463278979045426,-0.162557911084885,-0.486578570401226,-0.578894510463521,-0.0993065448162789,-0.35
"BSX","Boston Scientific Corporation","Medical Devices","USD",0.07219,0.10078,0.103,1.549,2064999936,0,3.76493,23.262032,1.18,1.87,61987061760,-0.290453285780863,-0.527788979666963,-0.123985945951326,-0.000376907079956066,-0.435025039756044,-0.108801563338327,-0.27
"MCO","Moody's Corporation","Financial Data & Stock Exchanges","USD",0.97449,0.35199,0.125,1.523,2.364e+09,0.024,25.283813,26.086031,2.51,12.67,61441810432,0.3383559386131,1.39002753925257,-0.113244386040714,-0.0252612441790762,-0.414193571338419,-0.107359282043839,0.27
"PXD","Pioneer Natural Resources Compa","Oil & Gas E&P","USD",0.12312,0.11852,1.763,1.516,6058999808,10.419,2.70204,12.867668,0.18,19.95,62671638528,-0.254960374555789,-0.392356214069922,0.686513574576629,-0.03196087339807,-0.156761279272146,0.517328803631421,-0.02
"SLB","Schlumberger N.V.","Oil & Gas Equipment & Services","USD",0.13883,0.082040004,0.125,1.222,4650999808,0.621,4.5853453,26.797546,0.73,1.63,61266878464,-0.244012139029656,-0.670856030713043,-0.113244386040714,-0.313345300595813,-0.254857270087773,-0.0714825348434414,-0.3
"FIS","Fidelity National Information S","Information Technology Services","USD",0.00874,0.030050002,0.107,0.74,4809999872,1.969,1.2598903,13.186739,1.16,7.39,59340910592,-0.33467133442078,-1.06776413410964,-0.122032935058487,-0.774662626817963,-0.243779664393293,0.00952559786365332,-0.47
"FDX","FedEx Corporation","Integrated Freight & Logistics","USD",0.21384001,0.05489,0.142,1.494,8986999808,-0.147,2.4070375,9.841876,0.73,23.02,60031373312,-0.191737966127203,-0.878127740278472,-0.104944089746151,-0.0530168509434794,0.0472337925376242,-0.117635536267068,-0.25
"EMR","Emerson Electric Company","Specialty Industrial Machinery","USD",0.25335,0.12629,0.085,1.35,3575000064,-0.077,5.9386306,18.447565,1.83,5.34,58682310656,-0.164203613730314,-0.333037578856337,-0.132774494969099,-0.190837794877068,-0.329822654324309,-0.113428882491477,-0.22
"MET","MetLife, Inc.","Insurance—Life","USD",0.07728,0.07821,0.056,0.969,12408999936,1.565,0.8719316,9.901389,0.92,7.2,59966296064,-0.286906085346235,-0.700095491477853,-0.146933823942177,-0.555489042368021,0.285646074588309,-0.0147528039269003,-0.28
"MAR","Marriott International","Lodging","USD",0.8143,0.16379999,1.142,0.497,7.61e+08,1.184,60.844273,32.2406,0.25,5.32,55861149696,0.226720174836453,-0.0466744625532179,0.38330863346346,-1.00723546970589,-0.525875299518427,-0.0376490194769026,-0.13
"HUM","Humana Inc.","Healthcare Plans","USD",0.1668,0.03252,0.087,1.718,2640999936,0.178,3.4429224,18.147501,1.72,24,55981699072,-0.224519959038191,-1.0489073888921,-0.131797989522679,0.161371284064325,-0.394894861695106,-0.0981046437375386,-0.33
"KLAC","KLA Corporation","Semiconductor Equipment & Materials","USD",0.82329005,0.36523998,0.354,2.435,2536652032,1.587,14.40239,17.252354,1.04,21.24,55560364032,0.232985304358522,1.49118207338478,-0.00143451242571319,0.847604734066984,-0.402164826916991,-0.013430712740286,0.42
"FTNT","Fortinet, Inc.","Software—Infrastructure","USD",0.59995997,0.17735,0.332,1.803,1429400064,0.293,48.623413,72.175705,4.9,4.61,54401355776,0.077347473937773,0.0567705954043669,-0.0121760723363246,0.242723924580679,-0.479307567601304,-0.091193712534782,-0.02
"OXY","Occidental Petroleum Corporatio","Oil & Gas E&P","USD",0.00413,-0.014730001,0.653,1.085,8746000384,0,6.0184517,20.244827,0.42,2.9,54834024448,-0.337884024794775,-1.4096288268793,0.14455305181396,-0.444466615310408,0.0304432546943888,-0.108801563338327,-0.42
"ILMN","Illumina, Inc.","Diagnostics & Research","USD",0.11862001,0.21192,0.395,2.682,6.69e+08,0.719,5.0646944,84.79404,12.09,4.03,53410836480,-0.258096399405263,0.320688899050911,0.0185838492258809,1.08400593650863,-0.532284980736493,-0.0655932195576141,0.08
"APD","Air Products and Chemicals, Inc","Specialty Chemicals","USD",0.15413,0.20334,0.225,2.992,3341900032,0.254,4.0316567,20.98383,2.22,11.75,54658408448,-0.233349630846981,0.255186467888419,-0.064419113719753,1.38070380192121,-0.346062837987799,-0.0935374196383255,0.13
"AIG","American International Group, I","Insurance—Diversified","USD",0.08906,0.118039995,0.302,0.743,6192999936,5.081,0.83711994,12.029851,0.41,5.36,53537615872,-0.278696650941534,-0.396020723914928,-0.026823654032613,-0.77179135715268,-0.147425430319319,0.196541405715641,-0.27
"ADM","Archer-Daniels-Midland Company","Farm Products","USD",0.12636,0.03262,0.345,1.577,4983000064,1.325,2.37882,19.558577,1.41,4.78,52302139392,-0.252702431646516,-1.04814395729347,-0.00582878693459969,0.0264216097960195,-0.231726663508681,-0.0291756168717836,-0.31
"SRE","DBA Sempra","Utilities—Diversified","USD",0.0478,0.09545,0.14,0.355,3943000064,0,2.1899307,19.20331,3.65,8.46,51879489536,-0.307450578236774,-0.568479883873965,-0.10592059519257,-1.14314223386263,-0.304183929452042,-0.108801563338327,-0.43
"DG","Dollar General Corporation","Discount Stores","USD",0.37108,0.07193,0.039,1.077,2719334912,-0.1,8.290409,19.686222,3.47,11.25,51315929088,-0.0821580524004887,-0.748038995871845,-0.155234120236741,-0.452123334417829,-0.389437228821357,-0.114811068732028,-0.33
"ECL","Ecolab Inc.","Specialty Chemicals","USD",0.17579001,0.09082,0.1,1.723,2070800000,0.318,7.3399463,29.747068,2.63,5.97,50891431936,-0.21825485739196,-0.603826766890555,-0.125450704120954,0.166156733506463,-0.434620946698605,-0.0896913361863566,-0.24
"NXPI","NXP Semiconductors N.V.","Semiconductors","USD",0.20143,0.14984,0.262,1.373,3320999936,0,7.5286584,15.845258,1.01,12.02,50649600000,-0.200386451955444,-0.153249437378868,-0.0463537629609974,-0.168824727443231,-0.347518957039831,-0.108801563338327,-0.18
"SNPS","Synopsys, Inc.","Software—Infrastructure","USD",0.17663999,0.20177999,0.309,1.193,1474407936,0.932,9.218384,35.355873,3.15,9.02,48932913152,-0.217662509764175,0.243276858606624,-0.0234058849701457,-0.341100907360216,-0.476171848994527,-0.0527929730690301,-0.14
"LHX","L3Harris Technologies, Inc.","Aerospace & Defense","USD",0.07521,0.0858,-0.052,1.536,2563000064,0.204,2.6043878,18.848684,0,13.68,50596614144,-0.288348659982714,-0.642151033141803,-0.199665118048815,-0.012819075629516,-0.400329147723041,-0.0965421723351762,-0.3
"CNC","Centene Corporation","Healthcare Plans","USD",0.050430004,0.0114,0.152,1.106,4204999936,0,1.8870295,15.704587,1.47,5.45,49942016000,-0.305617739075306,-1.21014414252285,-0.100061562514055,-0.424367727653426,-0.285930280987974,-0.108801563338327,-0.45
"ROP","Roper Technologies, Inc.","Specialty Industrial Machinery","USD",0.08915,0.19949,0.132,0.776,2011900032,0.119,4.3325734,30.528177,2.79,15.26,49141239808,-0.278633930305166,0.225794351341147,-0.109826616978247,-0.740207390834566,-0.438724533857674,-0.101650251919822,-0.23
"AEP","American Electric Power Company","Utilities—Regulated Electric","USD",0.11048,0.14593,0.137,0.581,3883699968,0.053,2.1889691,19.48491,3.44,4.97,48070406144,-0.263769139485789,-0.183099612885318,-0.107385353362199,-0.926839919077967,-0.308315393708137,-0.105616525479665,-0.31
"CTSH","Cognizant Technology Solutions","Information Technology Services","USD",0.18722999,0.11547,0.142,2.08,2495000064,0.846,4.1610584,20.245575,1.61,4.52,48622833664,-0.210282381551461,-0.415640877828151,-0.104944089746151,0.507837823675152,-0.405066738188568,-0.0579611477076133,-0.14
"KHC","The Kraft Heinz Company","Packaged Foods","USD",0.04646,0.08758,-0.018,1.13,4051000064,0.209,0.96247125,14.882576,-5.44,2.64,48092528640,-0.308384418822708,-0.628561950686181,-0.183064525459688,-0.401397570331161,-0.296659521065616,-0.0962416970654912,-0.34
"DOW","Dow Inc.","Chemicals","USD",0.39372003,0.113249995,0.528,1.594,6.064e+09,0,2.911005,10.141066,0.12,6.38,47853023232,-0.0663803069670896,-0.432589097489326,0.0835214614127591,0.0426921378992905,-0.156412913655308,-0.108801563338327,-0.12
"ORLY","O'Reilly Automotive, Inc.","Specialty Retail","USD",7.17367,0.15847,0.085,0.762,3052801024,0.141,0,22.880936,1.93,30.74,47391268864,4.65853943376834,-0.0873652904170606,-0.132774494969099,-0.753606649272554,-0.366204495398008,-0.100328160733208,0.95
"ADSK","Autodesk, Inc.","Software—Application","USD",1.9555299,0.31305,0.182,0.809,1466099968,0.034,36.500347,31.06003,1.92,6.83,46665068544,1.02203868118046,1.09274727474588,-0.0854139808177663,-0.708623424516452,-0.476750668847243,-0.106758331504469,0.27
"JCI","Johnson Controls International","Engineering & Construction","USD",0.09365,0.06917,0.074,1.099,2487000064,-0.37,2.6732314,18.925714,1.4,3.5,46654951424,-0.275497898486732,-0.769109707994045,-0.138145274924404,-0.43106735687242,-0.405624101772748,-0.131036733295022,-0.38
"PAYX","Paychex, Inc.","Staffing & Employment Services","USD",0.42571998,0.29527,0.127,1.27,1384999936,0.213,14.884932,33.2584,3.01,3.87,46433034240,-0.0440796711030249,0.957009136509384,-0.112267880594295,-0.267404985951284,-0.482400944411319,-0.0960013168497431,0.04
"MCK","McKesson Corporation","Medical Distribution","USD",14.01754,0.0054900004,0.096,0.98,4917000192,0,0,14.093509,0.93,22.03,47404707840,9.42800478515159,-1.25526294694818,-0.127403715013793,-0.544961053595316,-0.236324904160346,-0.108801563338327,1.96
"IDXX","IDEXX Laboratories, Inc.","Diagnostics & Research","USD",1.1261699,0.23165001,0.111,1.252,755545984,-0.061,60.60841,57.272053,3.16,9.41,45697814528,0.444061048083514,0.471314029803857,-0.120079924165649,-0.284632603942982,-0.526255283256669,-0.112467361628485,0.05
"DXCM","DexCom, Inc.","Medical Devices","USD",0.29119,0.22823,0.298,4.975,508700000,-0.027,21.818634,132.86464,9.92,3.62,46616576000,-0.137833070617084,0.445204592787536,-0.0287766649254514,3.27861305067334,-0.543453153554494,-0.110424129794626,0.45
"MPC","Marathon Petroleum Corporation","Oil & Gas Refining & Marketing","USD",0.07715,0.08085,0.967,0,0,1.907,1.8086044,19.485785,0.89,4.22,50619801600,-0.286996681820989,-0.67994089727401,0.297864406901778,-1.48290914425446,-0.578894510463521,0.00579970451955845,-0.47
"APH","Amphenol Corporation","Electronic Components","USD",0.26711,0.14626001,0.248,2.435,1540099968,0.274,7.6050253,28.340822,2.5,2.67,45252780032,-0.154614325325503,-0.180580212266678,-0.0531893010859319,0.847604734066984,-0.471595055693581,-0.0923355185595853,-0.04
"CDNS","Cadence Design Systems, Inc.","Software—Application","USD",0.27576,0.23297001,0.126,1.701,1020622976,0.086,16.730566,44.617977,3.28,3.56,44021075968,-0.148586175274514,0.481391326905779,-0.112756133317504,0.145100755961054,-0.507787250463582,-0.103633388699744,-0.02
"PRU","Prudential Financial, Inc.","Insurance—Life","USD",0.118090004,0.12445,-0.11,1.265,0,0.527,0.74004227,9.592063,0.95,12.6,45685080064,-0.258465758445254,-0.347084720271137,-0.227983775994973,-0.272190435393422,-0.578894510463521,-0.0771314699135207,-0.3
"TRV","The Travelers Companies, Inc.","Insurance—Property & Casualty","USD",0.12922,0.106400006,0.064,0.361,7482999808,-0.189,1.6220583,14.960159,1.48,12.55,46188187648,-0.250709309201912,-0.484884078018036,-0.1430278021565,-1.13739969453206,-0.0575505612881595,-0.120159528532423,-0.37
"HSY","The Hershey Company","Confectioners","USD",0.59371,0.16469,0.064,0.901,2082883968,0.159,17.465374,28.506649,3.01,7.52,44161077248,0.072991895096827,-0.0398798449822471,-0.1430278021565,-0.620571154781104,-0.433779051234156,-0.0992464497623419,-0.18
"CMG","Chipotle Mexican Grill, Inc.","Restaurants","USD",0.30247998,0.08652,0.22,1.581,1282081024,-0.3,18.962084,46.96349,1.47,33.14,43789090816,-0.129965129170532,-0.636654325631664,-0.0668603773358011,0.0302499693497303,-0.489571351120343,-0.126830079519431,-0.25
"EXC","Exelon Corporation","Utilities—Diversified","USD",0.05409,0.048060004,0.006,0.94,4153999872,1.409,1.3152798,13.707831,-43.47,3.32,44523249664,-0.303067102650564,-0.930270087927668,-0.171346460102658,-0.583244649132424,-0.289483478296029,-0.0241276323410745,-0.42
"MCHP","Microchip Technology Incorporat","Semiconductors","USD",0.17362,0.14954,0.3,1.806,2544199936,8.023,7.5072975,15.714869,1.08,4.91,42813845504,-0.219767128593365,-0.155539732174759,-0.0278001594790322,0.245595194245962,-0.40163896106368,0.373341054398335,-0.08
"TEL","TE Connectivity Ltd. New Switze","Electronic Components","USD",0.23187,0.16072,0.084,1.695,2.568e+09,0.496,4.066921,16.718079,1.6,7.91,43151630336,-0.179172938943638,-0.0701880794478757,-0.133262747692308,0.139358216630488,-0.399980799941837,-0.0789944165855682,-0.13
"ANET","Arista Networks, Inc.","Computer Hardware","USD",0.22579001,0.28301,0.237,5.064,977544000,0.325,11.012094,40.232555,2.8,3.44,42530316288,-0.183410059409362,0.863412422517292,-0.0585600810412377,3.3637940507434,-0.510788582021851,-0.0892706708087976,0.54
"IQV","IQVIA Holdings, Inc.","Diagnostics & Research","USD",0.1312,0.05666,0.217,0.935,3e+09,1.577,7.3686967,22.143843,1.36,10.15,42938150912,-0.249329455201801,-0.864615000982714,-0.0683251355054299,-0.588030098574562,-0.369883166396133,-0.0140316632796561,-0.39
"SPG","Simon Property Group, Inc.","REIT—Retail","USD",0.69601995,0.41,0.222,0.394,3647547904,3.338,12.8221035,21.374384,2.94,6.09,42776334336,0.144291285884021,1.83289420961809,-0.0658838718893818,-1.10581572821395,-0.324768213808447,0.0917957267034254,0.19
"CTAS","Cintas Corporation","Specialty Business Services","USD",0.32173002,0.155,0.094,1.219,1381558016,0.053,12.024903,34.500835,3.32,11.98,42846404608,-0.116549854071394,-0.113856366889537,-0.128380220460212,-0.316216570261096,-0.482640744519776,-0.105616525479665,-0.2
"CTVA","Corteva, Inc.","Agricultural Inputs","USD",0.071609996,0.106680006,0.273,1.812,2481999872,0,1.7648623,23.084944,0.9,2.59,43581468672,-0.290857488225045,-0.482746469541871,-0.0409829830056917,0.251337733576528,-0.405972467389586,-0.108801563338327,-0.21
"STZ","Constellation Brands, Inc.","Beverages—Wineries & Distilleries","USD",-0.0011100001,-0.0061000003,-0.048,1.502,2887000064,-0.621,3.8509057,19.343172,2.73,11.86,43014148096,-0.341535759693041,-1.34374467457347,-0.197712107155977,-0.0453601318360578,-0.377755922563763,-0.146120591833213,-0.46
"HLT","Hilton Worldwide Holdings Inc.","Lodging","USD",0,0.01899,0.93,1.027,-1.6e+08,0,0,35.232555,0.25,4.3,42226380800,-0.340762205108138,-1.1521996841868,0.279799056143023,-0.499977828839214,-0.590041782147115,-0.108801563338327,-0.45
"WELL","Welltower Inc.","REIT—Healthcare Facilities","USD",0.02614,0.09686,0.196,1.694,1247166976,-0.461,2.4836094,95.26733,8.58,1.01,41882161152,-0.322545344722836,-0.557715498333276,-0.0785784426928317,0.13840112674206,-0.492003828486781,-0.13650538320329,-0.27
"AFL","AFLAC Incorporated","Insurance—Life","USD",0.12836,0.18766001,-0.076,0.684,5537999872,-0.616,1.2945476,12.434535,2.62,5.27,43349929984,-0.251308639727212,0.135480469566325,-0.211383183405846,-0.828259660569914,-0.193059578232941,-0.145820116563528,-0.24
"SYY","Sysco Corporation","Food Distribution","USD",0.57829,0.01293,0.412,1.325,1344210944,1.52,24.773424,19.218529,0.44,4.21,41479000064,0.0622457593989938,-1.19846363906381,0.0268841455204442,-0.21476504208776,-0.485242731758344,-0.0174570813540659,-0.33
"KR","Kroger Company (The)","Grocery Stores","USD",0.10453,0.0074699996,0.072,0.797,5709000192,-0.2,4.41929,16.81416,2.02,3.39,41909592064,-0.267915670445719,-1.24014700740275,-0.139121780370823,-0.720108503177585,-0.181145909326556,-0.12082057412573,-0.48
"MNST","Monster Beverage Corporation","Beverages—Non-Alcoholic","USD",0.28101,0.2876,0.132,4.702,1342909056,-0.031,6.668361,26.768705,2.66,2.94,41643237376,-0.144927471486341,0.898453932894429,-0.109826616978247,3.01732751113257,-0.485333434878579,-0.110664510010375,0.5
"KMI","Kinder Morgan, Inc.","Oil & Gas Midstream","USD",0.056539997,0.11464,0.31,0.461,5708000256,0.084,1.4152133,18.514563,1.71,1.03,43239886848,-0.301359709640104,-0.421977360096783,-0.0229176322469361,-1.04169070568929,-0.18121557531567,-0.103753578807618,-0.36
"NUE","Nucor Corporation","Steel","USD",0.42227,0.15857,1.093,2.527,4111649024,10.486,3.356116,9.427033,0.14,16.72,45047640064,-0.0464839482259049,-0.0866018588184303,0.359384250026189,0.935657003802332,-0.29243408085032,0.521355172245201,0.17
"RSG","Republic Services, Inc.","Waste Management","USD",0.14795999,0.114250004,0.148,0.708,2786700032,0.342,4.7066827,28.401728,3.12,4.63,41697992704,-0.237649485886994,-0.424954712794178,-0.102014573406893,-0.80528950324765,-0.38474387072987,-0.0882490548918683,-0.35
"A","Agilent Technologies, Inc.","Diagnostics & Research","USD",0.23582001,0.19148001,0.119,2.224,1484999936,1.035,7.6104755,28.87447,2.99,4.7,40984555520,-0.176420192934053,0.164643556634008,-0.116173902379972,0.64565876760874,-0.475433899609073,-0.0466031825135177,-0.01
"DVN","Devon Energy Corporation","Oil & Gas E&P","USD",0.20444,0.11572,2.141,1.206,3.66e+09,0,4.741314,11.950287,0.56,5.23,42312499200,-0.198288795116891,-0.413732298831575,0.871073103949862,-0.328658738810656,-0.323900670701308,-0.108801563338327,-0.11
"WBA","Walgreens Boots Alliance, Inc.","Pharmaceutical Retailers","USD",0.21708,0.04764,0.078,0.831,5458999808,0,1.7411869,9.239216,3.7,5.1,40709087232,-0.189480030186891,-0.933476531179179,-0.136192264031566,-0.687567446971043,-0.198563548085624,-0.108801563338327,-0.4
"HPQ","HP Inc.","Computer Hardware","USD",0,0.10243,0.093,0.762,6408999936,4.54,0,9.09589,0.54,4.38,43135565824,-0.340762205108138,-0.51519235828956,-0.128868473183422,-0.753606649272554,-0.132376613546467,0.164029981535716,-0.32
"KMB","Kimberly-Clark Corporation","Household & Personal Products","USD",2.29639,0.093310006,0.027,0.825,2729999872,-0.337,85.42613,17.81926,-24.22,6.75,40500318208,1.25958270767703,-0.584817274278761,-0.161093152915256,-0.693309986301609,-0.388694196280015,-0.129053596515101,0
"MSCI","MSCI Inc","Financial Data & Stock Exchanges","USD",0,0.35529,0.216,1.817,892332992,-0.06,0,43.97399,3.07,11.15,40424443904,-0.340762205108138,1.41522078200738,-0.0688133882286395,0.256123183018667,-0.516725271125656,-0.112407266574548,0.14
"WMB","Williams Companies, Inc. (The)","Oil & Gas Midstream","USD",0.07357,0.10213,0.48,0.584,3.92e+09,-0.48,3.6846116,26.468752,10.42,1.28,41165217792,-0.289491569356543,-0.517482653085452,0.0600853306986978,-0.923968649412684,-0.305786354215468,-0.137647189228094,-0.37
"AZO","AutoZone, Inc.","Specialty Retail","USD",0,0.15076,0.163,0.785,3612982016,0.38,0,17.356936,1.41,116.8,41831915520,-0.340762205108138,-0.146225866671468,-0.0946907825587489,-0.731593581838717,-0.327176434711701,-0.0859654428422618,-0.3
"GIS","General Mills, Inc.","Packaged Foods","USD",0.22723,0.12020001,0.065,0.846,3054200064,-0.126,4.267891,17.191326,3.89,3.92,40650117120,-0.182406536196423,-0.379530486869771,-0.142539549433291,-0.673211098644627,-0.366107023654407,-0.116373540134391,-0.31
"BKR","Baker Hughes Company","Oil & Gas Equipment & Services","USD",0.01663,0.00682,0.009,1.592,1976999936,0,2.3519409,32,0.11,1.21,33685161984,-0.329172825299126,-1.24510930974013,-0.169881701933029,0.0407779581224351,-0.441156039182021,-0.108801563338327,-0.43
"O","Realty Income Corporation","REIT—Retail","USD",0.019960001,0.17267999,0.641,0.428,0,-0.976,2.0596526,39.277454,9.68,1.73,38443728896,-0.326852161056589,0.0211182634051654,0.138694019135445,-1.07327467200741,-0.578894510463521,-0.167454335980853,-0.32
"VLO","Valero Energy Corporation","Oil & Gas Refining & Marketing","USD",0.06528,0.00858,1.249,1.256,5858999808,0,2.2750134,16.235394,-4.15,5.99,39759302656,-0.295268836862058,-1.23167291360423,0.435551674846889,-0.280804244389271,-0.170695368876639,-0.108801563338327,-0.33
"CARR","Carrier Global Corporation","Building Products & Equipment","USD",0.24882999,0.08071999,0.117,1.721,2236999936,-0.629,5.8264256,19.824787,1.68,2.34,40200880128,-0.1673535904369,-0.680933434695389,-0.117150407826391,0.164242553729608,-0.423041722696181,-0.146601352264709,-0.25
"DD","DuPont de Nemours, Inc.","Specialty Chemicals","USD",0.04642,0.29224002,0.177,2.013,2960999936,0,1.4996595,15.605262,1.25,4.94,39940636672,-0.308412294661094,0.933877311757201,-0.0878552444338143,0.443712801150496,-0.372600318327918,-0.108801563338327,0.1
"BAX","Baxter International Inc.","Medical Instruments & Supplies","USD",0.14055,0.0975,0.085,2.373,2240999936,0.29,4.407718,17.627853,2.18,4.38,38658506752,-0.242813477979055,-0.552829536102041,-0.132774494969099,0.788265160984467,-0.422763040904091,-0.091373997696593,-0.15
"DLR","Digital Realty Trust, Inc.","REIT—Office","USD",0.09442,0.38617,0.009,0.631,1702227968,22.542,2.3718662,89.18065,2.77,1.55,39227875328,-0.2749612885978,1.65096845966446,-0.169881701933029,-0.878985424656582,-0.460299525296595,1.24586114250984,0.16
"MSI","Motorola Solutions, Inc.","Communication Equipment","USD",0,0.1546,0.128,1.381,1.838e+09,0.492,0,23.522266,2.05,9.88,39251660800,-0.340762205108138,-0.116910093284059,-0.111779627871085,-0.161168008335809,-0.450840226998235,-0.0792347968013162,-0.23
"ALL","Allstate Corporation (The)","Insurance—Property & Casualty","USD",0.18642999,0.03161,0.187,0.436,5116000256,-0.676,1.6494318,13.352166,-1.81,10.62,40650657792,-0.210839898319183,-1.05585461643964,-0.0829727172017182,-1.06561795289998,-0.222460480544968,-0.149425819799748,-0.48
"XEL","Xcel Energy Inc.","Utilities—Regulated Electric","USD",0.10847,0.12056,0.09,0.778,2252999936,-0.009,2.5093167,22.302837,3.34,3.17,38084390912,-0.26516990036469,-0.376782209457861,-0.13033323135305,-0.738293211057711,-0.421926995527821,-0.10934241882376,-0.35
"GPN","Global Payments Inc.","Specialty Business Services","USD",0.03518,0.11376,0.148,1.151,2796999936,0.368,1.5109558,14.201251,0.88,9.59,39515668480,-0.316245405247582,-0.428695558164731,-0.102014573406893,-0.38129868267418,-0.384026271803602,-0.086686583489506,-0.3
"TDG","Transdigm Group Incorporated","Aerospace & Defense","USD",0,0.16237,0.078,5.059,9.18e+08,0,0,31.985323,1.56,21.12,37322289152,-0.340762205108138,-0.0575914580704735,-0.136192264031566,3.35900860130126,-0.5149370391789,-0.108801563338327,0.3
"PH","Parker-Hannifin Corporation","Specialty Industrial Machinery","USD",0.22874,0.1188,0.121,1.504,2226481920,-0.132,4.395925,14.870967,1.65,19.53,37324611584,-0.181354223297349,-0.390218605593757,-0.115197396933553,-0.0434459520592024,-0.423774517583208,-0.116734110458013,-0.22
"ODFL","Old Dominion Freight Line, Inc.","Trucking","USD",0.29528,0.19679001,0.314,2.981,1212605952,0.497,10.551875,30.491741,1.39,10.29,36085854208,-0.134982766142107,0.205181774521285,-0.0209646213540976,1.37017581314851,-0.494411710512976,-0.0789343215316312,0.13
"TT","Trane Technologies plc","Specialty Industrial Machinery","USD",0.21420999,0.09823,0.064,1.621,1788099968,0.017,5.706426,22.289398,1.44,6.98,36956475392,-0.191480128560051,-0.547256485432039,-0.1430278021565,0.0685335648868382,-0.45431678458401,-0.107779947421398,-0.25
"PSX","Phillips 66","Oil & Gas Refining & Marketing","USD",0.073860005,0.01181,0.989,1.148,6016999936,0,2.0251667,12.169811,-1.7,6.89,36743237632,-0.289289466043764,-1.20701407296847,0.30860596681239,-0.384169952339463,-0.159687429171272,-0.108801563338327,-0.36
"EA","Electronic Arts Inc.","Electronic Gaming & Multimedia","USD",0.09854999,0.122729994,0.586,1.315,1.416e+09,0.619,4.59722,16.908365,0.73,7.53,36007112704,-0.272083115253397,-0.360215789573477,0.111840119358917,-0.224335940972037,-0.480241156063714,-0.0716027249513155,-0.24
"DLTR","Dollar Tree, Inc.","Discount Stores","USD",0.19379999,0.05293,0.039,1.252,2001299968,-0.309,4.8556437,20.938421,1.7,7.47,35185369088,-0.205703775096548,-0.893090999611629,-0.155234120236741,-0.284632603942982,-0.439463045065621,-0.127370935004864,-0.37
"RMD","ResMed Inc.","Medical Instruments & Supplies","USD",0.1752,0.14923,0.202,2.541,527062016,0.139,11.572687,35.239002,1.75,6.82,35021611008,-0.218666032977115,-0.157906370130513,-0.075648926353574,0.94905626224032,-0.542173863673179,-0.100448350841082,-0.05
"LYB","LyondellBasell Industries NV","Specialty Chemicals","USD",0.55903,0.12149999,0.616,1.69,7695000064,-0.145,3.044757,7.0802107,0.11,15.21,35837509632,0.0488235432160971,-0.369606028773895,0.126487701055205,0.134572767188349,-0.0427804084717627,-0.117515346159194,-0.04
"SBAC","SBA Communications Corporation","REIT—Specialty","USD",0,0.13091,0.127,0.682,1134455040,1.15,0,82.660805,0.8,3.98,35787862016,-0.340762205108138,-0.29776703899961,-0.112267880594295,-0.83017384034677,-0.49985651956538,-0.0396922513107611,-0.37
"AJG","Arthur J. Gallagher & Co.","Insurance Brokers","USD",0.13818,0.12168,0.165,1.298,1506099968,0.178,4.137065,28.150755,2.53,5.97,34835140608,-0.24446512140343,-0.3682317755532,-0.0937142771123296,-0.240606469075308,-0.473963850926344,-0.0981046437375386,-0.27
"YUM","Yum! Brands, Inc.","Restaurants","USD",0,0.23922001,0.084,1.083,1.706e+09,0.016,0,24.165659,1.98,4.95,35064569856,-0.340762205108138,0.529105801820181,-0.133262747692308,-0.446380795087263,-0.4600367261372,-0.107840042475335,-0.15
"AMP","Ameriprise Financial, Inc.","Asset Management","USD",0.47784,0.20531,0.18,3.219,3324999936,3.175,6.196553,12.769075,0.57,24.64,35203952640,-0.00775743974804553,0.270226070381438,-0.0863904862641855,1.5979632065943,-0.347240275247742,0.0820002329116921,0.23
"ALGN","Align Technology, Inc.","Medical Devices","USD",0.22518998,0.19532,0.236,1.296,1172544000,0.205,9.651121,32.074516,1.3,13.42,33941530624,-0.183828217892032,0.193959253678257,-0.0590483337644473,-0.242520648852163,-0.497202844657471,-0.0964820772812392,-0.14
"AVB","AvalonBay Communities, Inc.","REIT—Residential","USD",0.09413,0.4437,0.026,1.045,1169282944,-0.462,3.195058,63.07143,17.38,3.92,34549563392,-0.275163388426099,2.09017065835655,-0.161581405638466,-0.482750210847516,-0.497430043890017,-0.136565478257228,0.16
"PEG","Public Service Enterprise Group","Utilities—Diversified","USD",-0.04427,-0.073,-0.197,0.841,1763000064,0,2.4470713,19.685879,5.44,3.47,34541907968,-0.37161378924193,-1.85448041176694,-0.270461762914209,-0.677996548086766,-0.456065506141011,-0.108801563338327,-0.69
"TROW","T. Rowe Price Group, Inc.","Asset Management","USD",0.31743,0.40183997,0.132,1.569,3.452e+09,-0.045,4.0774307,11.155056,1.26,13.35,34132166656,-0.119546520635816,1.77059796214037,-0.109826616978247,0.0187648906885979,-0.33839212388998,-0.111505840765493,0.25
"HAL","Halliburton Company","Oil & Gas Equipment & Services","USD",0.07599,0.02792,0.297,2.39,1867000064,0,6.121165,22.882353,0.4,1.7,34820014080,-0.287805081134186,-1.0840252424291,-0.029264917648661,0.804535689087738,-0.448819779546675,-0.108801563338327,-0.25
"EBAY","eBay Inc.","Internet Retail","USD",0.28445998,1.07049,0.108,3.353,3121999872,-0.575,3.3208025,12.70354,1.31,4.52,35945148416,-0.142523194363461,6.8752835754123,-0.121544682335277,1.72621325164361,-0.36138338065521,-0.14335621935211,1.51
"VRSK","Verisk Analytics, Inc.","Consulting Services","USD",0.27185,0.23778,0.08,0.507,1216099968,0.107,12.369172,34.782608,4.32,5.98,33521485824,-0.151311038476753,0.518112310456743,-0.135215758585147,-0.997664570821617,-0.494168280852859,-0.102371392567067,-0.19
